Wavelength (nm),Normalized
200.0,0.490938654221739
200.03,0.5627227032771014
200.05,0.6140485816478225
200.07,0.6449162893339024
200.1,0.655325826335341
200.12,0.6452771926521401
200.15,0.6271453753632116
200.18,0.5740909250464964
200.2,0.4906429223153105
200.22,0.3879339743349363
200.25,0.2835456654746258
200.28,0.1908545876110242
200.3,0.1214876331670984
200.32,0.0721191116485307
200.35,0.0431546219917969
200.38,0.0313645150831203
200.4,0.0234842140724331
200.43,0.0154151420724065
200.45,0.0099884582643435
200.47,0.0070419323838557
200.5,0.006145958474404
200.53,0.0070785746776364
200.55,0.0111216694130573
200.57,0.0177978487888993
200.6,0.0264524925741472
200.62,0.0358373620782494
200.65,0.0436934432642634
200.68,0.0488949997454008
200.7,0.0511282710746801
200.72,0.0496184556176003
200.75,0.0487885974404114
200.78,0.0557016881984565
200.8,0.0729898017102593
200.82,0.1031442814457069
200.85,0.1422240525294311
200.88,0.1854078935194791
200.9,0.2226575449573849
200.93,0.2444424858838038
200.95,0.2474438289017934
200.97,0.2317967714401309
201.0,0.2041035765234109
201.03,0.1738908415259816
201.05,0.1451391431789386
201.07,0.1226979660364973
201.1,0.1068191510542796
201.12,0.0973320555356588
201.15,0.0896150953634185
201.18,0.0814789101095198
201.2,0.0746033261639835
201.22,0.0696302154316584
201.25,0.0673172288255098
201.28,0.0691706239755446
201.3,0.0740447805642296
201.32,0.0809324677719584
201.35,0.0890673894984853
201.38,0.0974445759731851
201.4,0.1052609557991499
201.43,0.1116780788130629
201.45,0.115723560950202
201.47,0.1170926926096536
201.5,0.114338468945002
201.53,0.1081874846964438
201.55,0.0978475880036207
201.57,0.0842015588901658
201.6,0.0686673610233767
201.62,0.0528850329813523
201.65,0.0384739047935827
201.68,0.0275981261919685
201.7,0.021904472350543
201.72,0.0214775331017729
201.75,0.0269139593708864
201.78,0.0410645349143131
201.8,0.0615296217487787
201.82,0.0868181112724492
201.85,0.1138340887686318
201.88,0.1392078397893192
201.9,0.1582645990152326
201.93,0.1674833612209582
201.95,0.1656474559498061
201.97,0.153860740614601
202.0,0.1357032537695939
202.03,0.1161659285331956
202.05,0.0964495415177882
202.07,0.0784035110872576
202.1,0.0627218795266175
202.12,0.0499147261856993
202.15,0.0380662709130241
202.18,0.0273205691292595
202.2,0.0194262496148899
202.22,0.0135138725352705
202.25,0.0097202313537533
202.28,0.0171883431351996
202.3,0.0321692556661876
202.32,0.072705647704641
202.35,0.1437857457603374
202.38,0.2450800351950126
202.4,0.3830252768979942
202.43,0.540521263828091
202.45,0.6918754171078586
202.47,0.81538408717189
202.5,0.874870357320895
202.53,0.8674598357870242
202.55,0.7838968520650091
202.57,0.6504356428994686
202.6,0.4886738146585997
202.62,0.3275972837633034
202.65,0.1979046912871754
202.68,0.1039351897291256
202.7,0.0475976962919613
202.72,0.0253143603188277
202.75,0.0150357314032463
202.78,0.0190037726127853
202.8,0.0243074287557042
202.82,0.0313469055016445
202.85,0.0422216533309292
202.88,0.056016612420649
202.9,0.0703503994329794
202.93,0.0826474667739222
202.95,0.0912425851196725
202.97,0.0949848871890323
203.0,0.0954358999593063
203.03,0.0950507901166852
203.05,0.0950670829696367
203.07,0.0961486623998544
203.1,0.0970081270184065
203.12,0.0966819374521733
203.15,0.0921707457263835
203.18,0.0828662631637008
203.2,0.0704003021140194
203.22,0.0546987799724904
203.25,0.0411775740630763
203.28,0.0444871512583322
203.3,0.0644211575880192
203.32,0.1201501628435253
203.35,0.2137680313841611
203.38,0.3419567403317125
203.4,0.5004997658437697
203.43,0.6613812480137322
203.45,0.7966965173437137
203.47,0.8854569876587005
203.5,0.8993326462466106
203.53,0.8447910242133462
203.55,0.7214787329034609
203.57,0.5657436642200749
203.6,0.401583195517541
203.62,0.2562789442965916
203.65,0.1563072621135114
203.68,0.1038915581339359
203.7,0.0985359976166144
203.72,0.1327670156619698
203.75,0.1792162768907031
203.78,0.2265070473490216
203.8,0.2580863204497183
203.82,0.2650742918298997
203.85,0.2478478916549908
203.88,0.2092936415556095
203.9,0.159356147011399
203.93,0.1106229270553471
203.95,0.0700012203187244
203.97,0.0428672027654442
204.0,0.0348133130443108
204.03,0.0404190852319591
204.05,0.0626100507040736
204.07,0.0985240539578792
204.1,0.1459273781044444
204.12,0.1995128091737772
204.15,0.2550738051897049
204.18,0.3085597168531523
204.2,0.3539871169453433
204.22,0.3864345663533133
204.25,0.4063494867695429
204.28,0.4138746567870396
204.3,0.414174179275585
204.32,0.4176541996631458
204.35,0.4267941576617386
204.38,0.4421978863521785
204.4,0.4725072479428263
204.43,0.5261293545566602
204.45,0.6002498652267095
204.47,0.6906499285601427
204.5,0.7889084671314525
204.53,0.8885030196447856
204.55,0.9675599322519388
204.57,1.0
204.6,0.974906346397053
204.62,0.8933588218358598
204.65,0.7653153520346192
204.68,0.6119894975419566
204.7,0.4539201617914243
204.72,0.3144930418865667
204.75,0.2108135053803669
204.78,0.1509873463683613
204.8,0.1233465545868486
204.82,0.1092167274928948
204.85,0.1066844856370274
204.88,0.1095594094164014
204.9,0.1056202231819467
204.93,0.0941319530119489
204.95,0.0784782387560805
204.97,0.0606728637388596
205.0,0.0437357115799205
205.03,0.029171896084491
205.05,0.0194435998407473
205.07,0.0169414166360394
205.1,0.0227747235027635
205.12,0.0363054391181861
205.15,0.056924343784802
205.18,0.082517529609098
205.2,0.1098438161274941
205.22,0.1354104013755426
205.25,0.1540235361412348
205.28,0.1605110176793221
205.3,0.1551412923551489
205.32,0.1410538266788691
205.35,0.1212851429305594
205.38,0.0984957642450402
205.4,0.0822625630857671
205.43,0.0853006814004186
205.45,0.1111960098700202
205.47,0.1600482341540588
205.5,0.2310709747172218
205.53,0.3161659521267629
205.55,0.4022998815430854
205.57,0.4681842552939865
205.6,0.5022633175475288
205.62,0.4988667564679442
205.65,0.4609152488257517
205.68,0.4019069910319119
205.7,0.3323293932748273
205.72,0.2662165870754021
205.75,0.2179664003332819
205.78,0.1887576375848685
205.8,0.1739588059982937
205.82,0.1617272625267921
205.85,0.1509507040745805
205.88,0.1392064831599306
205.9,0.1245068717227583
205.93,0.1121950610124304
205.95,0.1059981907698455
205.97,0.1079409638560714
206.0,0.1162053638874823
206.03,0.1269928285759553
206.05,0.1359395333881111
206.07,0.1386609053410972
206.1,0.1355348721219481
206.12,0.127673404319244
206.15,0.1199874338183319
206.18,0.1161477736399068
206.2,0.1162044328673137
206.22,0.1201068704056826
206.25,0.1233551997741289
206.28,0.1215102503070526
206.3,0.1123369484861338
206.32,0.0957841746539689
206.35,0.0746446036081753
206.38,0.0522447903617987
206.4,0.0325895248204637
206.43,0.0177004574291137
206.45,0.0085771314408196
206.47,0.0048864344893796
206.5,0.0057108528487259
206.53,0.0089431553699832
206.55,0.0170212183647814
206.57,0.03126921186857
206.6,0.0513303024512788
206.62,0.0758264007094049
206.65,0.1022566335166206
206.68,0.1252252668353267
206.7,0.1406869116304011
206.72,0.1463085045107725
206.75,0.1407113575599724
206.78,0.123079810658384
206.8,0.0989570448377456
206.82,0.0732023243541299
206.85,0.0489543236855333
206.88,0.0295895801947674
206.9,0.01630943854952
206.93,0.0075051941209786
206.95,0.0032013119911295
206.97,0.0024445249318777
207.0,0.0024780842188713
207.03,0.0021510766849185
207.05,0.0019062888720886
207.07,0.0026221383095101
207.1,0.0052050655683736
207.12,0.0095008611230436
207.15,0.017958564349975
207.18,0.0332337069853595
207.2,0.0544228861108113
207.22,0.0793194527192693
207.25,0.1052742228365532
207.28,0.1295658890160743
207.3,0.1497512175901464
207.32,0.1675634954569034
207.35,0.1827987759982568
207.38,0.1964562433594981
207.4,0.2111986152229879
207.43,0.2235448736795562
207.45,0.2294362363039402
207.47,0.2270055421478971
207.5,0.2116365937109007
207.53,0.184842019460969
207.55,0.1485196308603258
207.57,0.1092146725983796
207.6,0.0723579449223676
207.62,0.0428834357670991
207.65,0.0226084898516497
207.68,0.0101928038910758
207.7,0.0061594915175699
207.72,0.0090618138904787
207.75,0.0162796807508778
207.78,0.029392235307692
207.8,0.045857174037088
207.82,0.0631386374048289
207.85,0.0786472189166918
207.88,0.0900796478270023
207.9,0.0945276764844927
207.93,0.0909122059626803
207.95,0.0798746759070499
207.97,0.0635410868330769
208.0,0.0460234130083171
208.03,0.0304685012728042
208.05,0.0182756764030624
208.07,0.0097231971185005
208.1,0.0049274559030251
208.12,0.0034447425760578
208.15,0.0030333975826055
208.18,0.0027056781507308
208.2,0.0027329281135458
208.22,0.0028235253536506
208.25,0.0027921808971368
208.28,0.0034896370336048
208.3,0.0048566123838444
208.32,0.0080050238697731
208.35,0.013053968854893
208.38,0.019853329979717
208.4,0.0281210749005882
208.43,0.0362982569625993
208.45,0.0429290757057955
208.47,0.0469600206280154
208.5,0.0471015423437954
208.53,0.043859444160335
208.55,0.0373723948816117
208.57,0.0294886251557819
208.6,0.0213265289455751
208.62,0.0141432368491678
208.65,0.0087157982497538
208.68,0.0049569472968961
208.7,0.0029775418921056
208.72,0.0017358236678068
208.75,0.0009705550148185
208.78,0.0054824749313831
208.8,0.0140288510462321
208.82,0.0345875552837283
208.85,0.0684255737555476
208.88,0.113072265555282
208.9,0.1705402528922964
208.93,0.2416890269857194
208.95,0.3201567301788494
208.97,0.3986595261821937
209.0,0.4736595849058618
209.03,0.5430859583869801
209.05,0.5978342668976866
209.07,0.6307347906205897
209.1,0.6346430802857331
209.12,0.610071063982997
209.15,0.5587781703268225
209.18,0.4835705606069844
209.2,0.392107272240944
209.22,0.2966424990908777
209.25,0.2086198157085436
209.28,0.1364851112069444
209.3,0.0823104467830699
209.32,0.0421562305436776
209.35,0.0182476904688041
209.38,0.008896567785758
209.4,0.0046227496271836
209.43,0.0015322115519646
209.45,0.0008620067083403
209.47,0.0009902713619331
209.5,0.0017339004461441
209.53,0.0021135870962828
209.55,0.0055187035862032
209.57,0.0199845963753364
209.6,0.0477238382195694
209.62,0.0883557748728024
209.65,0.1448314343630532
209.68,0.2124303349556897
209.7,0.2815843517867554
209.72,0.3433406353109812
209.75,0.3867278377064404
209.78,0.4012294743548916
209.8,0.3907471847774165
209.82,0.3621892051268948
209.85,0.3208628823761999
209.88,0.2759748089674241
209.9,0.2377145351364404
209.93,0.2056615722742188
209.95,0.1795409369238021
209.97,0.1592922457771088
210.0,0.1377199099563469
210.03,0.1132576542813515
210.05,0.0882688734502599
210.07,0.0631524936449962
210.1,0.041483472709748
210.12,0.0254987657545962
210.15,0.0145875437471727
210.18,0.0071495814046527
210.2,0.0034538022269167
210.22,0.0026827106279861
210.25,0.0023483470917105
210.28,0.0027910209238133
210.3,0.0030312016598153
210.32,0.0030780456902209
210.35,0.0031149628311306
210.38,0.0031197975290895
210.4,0.0030467657367793
210.43,0.0030021587017837
210.45,0.0030429096906459
210.47,0.0030229389256449
210.5,0.0036194498553655
210.53,0.0047717414763889
210.55,0.0073760927861609
210.57,0.0124535500910422
210.6,0.0197721456860245
210.62,0.0288515819205364
210.65,0.038636923765057
210.68,0.0469324557808791
210.7,0.0522211490996588
210.72,0.0536525194573852
210.75,0.0508567656430674
210.78,0.0437828544511748
210.8,0.0346025553486741
210.82,0.0252489441817201
210.85,0.0168345202253461
210.88,0.0102836927399977
210.9,0.0057345519671191
210.93,0.0034353477845387
210.95,0.0038552345555313
210.97,0.0059391403241096
211.0,0.0125853707761691
211.03,0.0224007539814747
211.05,0.0388558737731635
211.07,0.0685668667063719
211.1,0.1116017883603855
211.12,0.1655355606258216
211.15,0.2327273792998567
211.18,0.3082673765201938
211.2,0.3818245534867646
211.22,0.4452100026035481
211.25,0.4861591956844961
211.28,0.4883635189366742
211.3,0.4570597613044594
211.32,0.3969254346166282
211.35,0.3160037285125184
211.38,0.2274239093609716
211.4,0.1474193711754385
211.43,0.0832162835211797
211.45,0.0391897414627277
211.47,0.0169752326850953
211.5,0.0071032675935582
211.53,0.0019119156786819
211.55,0.0020708000893394
211.57,0.0016935028692128
211.6,0.0020681917698354
211.62,0.0026869251966862
211.65,0.0026865330709416
211.68,0.0025998581855566
211.7,0.0027755775689095
211.72,0.0027746724510519
211.75,0.0036502226043145
211.78,0.0087075328389005
211.8,0.0180121577944679
211.82,0.0346888692974902
211.85,0.0579749488390228
211.88,0.0863547292342202
211.9,0.1165647908737366
211.93,0.1418302043975126
211.95,0.1574628576471372
211.97,0.1608520370668133
212.0,0.1504194373657682
212.03,0.1301758468795703
212.05,0.1022640484272495
212.07,0.073646056546685
212.1,0.0477535085023157
212.12,0.0279816892110808
212.15,0.0148338789155229
212.18,0.0064555186903962
212.2,0.0030470837785891
212.22,0.0031515808173048
212.25,0.0053321131791016
212.28,0.0133779529008482
212.3,0.025985153035187
212.32,0.0454119961032139
212.35,0.0704650253061157
212.38,0.0987115348192706
212.4,0.1276624980829826
212.43,0.1540408132155075
212.45,0.1746173697647376
212.47,0.1877244047019804
212.5,0.1923604196318109
212.53,0.1910633755339896
212.55,0.1818304485214123
212.57,0.1658738933551117
212.6,0.1439999735011454
212.62,0.1187263536995971
212.65,0.0920980463514995
212.68,0.065960163187444
212.7,0.0431238983262312
212.72,0.0258608529314782
212.75,0.0137229074445865
212.78,0.0075881485899184
212.8,0.0046107945528113
212.82,0.0027781272680585
212.85,0.0023412345555508
212.88,0.0027736574136282
212.9,0.0030217938802084
212.93,0.0030711825595698
212.95,0.0031176935915162
212.97,0.003157467798364
213.0,0.0031683204314817
213.03,0.0031701077387935
213.05,0.0031701720209314
213.07,0.0031682996712781
213.1,0.0031631798506769
213.12,0.0031306830815827
213.15,0.0030059047774493
213.18,0.002850368060296
213.2,0.002664606398474
213.22,0.0017470837354902
213.25,0.0
213.28,0.0010832977852813
213.3,0.0036001198004892
213.32,0.0173569080608157
213.35,0.0457915258099528
213.38,0.0890490244606442
213.4,0.154827179450532
213.43,0.2415026832989625
213.45,0.3375318142746929
213.47,0.4313321494680975
213.5,0.5007650400903964
213.53,0.5381318670666718
213.55,0.5307491431349797
213.57,0.486614065538326
213.6,0.4149471920213332
213.62,0.3309217572812577
213.65,0.2590102914656705
213.68,0.2096100288094957
213.7,0.1842585491212714
213.72,0.1822702890496624
213.75,0.1886114009169487
213.78,0.1965910417796316
213.8,0.1957222669593928
213.82,0.1825547822126279
213.85,0.1602142882512829
213.88,0.1321050603220542
213.9,0.1027339609069473
213.93,0.075556271857613
213.95,0.0531419745974696
213.97,0.0372685462319421
214.0,0.0280376807640239
214.03,0.0239941271686628
214.05,0.026908220296561
214.07,0.0340766765865807
214.1,0.0444818244929386
214.12,0.0562208582952203
214.15,0.0654876677917927
214.18,0.0696387941174981
214.2,0.0681055768034647
214.22,0.0612142918677984
214.25,0.0507609876082311
214.28,0.0381005650409366
214.3,0.0262226057391166
214.32,0.0165071570416888
214.35,0.0096177669315701
214.38,0.005900646444018
214.4,0.0040714735127083
214.43,0.0029726805170938
214.45,0.0026862683885578
214.47,0.0028921805897266
214.5,0.003014068353677
214.53,0.0029669807451198
214.55,0.0028739999603803
214.57,0.0030567741823119
214.6,0.0037255159942426
214.62,0.0048341472794836
214.65,0.0070692891479843
214.68,0.0111893878965405
214.7,0.0169833434002974
214.72,0.0240579964822615
214.75,0.0315988714799747
214.78,0.037822789188488
214.8,0.0419661614462173
214.82,0.0429012448528967
214.85,0.0404002520239759
214.88,0.0349279189670149
214.9,0.0278714171872618
214.93,0.0206738359263088
214.95,0.014189336179816
214.97,0.0092996626104872
215.0,0.0061679462713249
215.03,0.0042308750119674
215.05,0.003478516678665
215.07,0.0030227190439516
215.1,0.0029336540882121
215.12,0.0030642181139834
215.15,0.0031336340488969
215.18,0.0031473794114048
215.2,0.0031589731564474
215.22,0.0031681849747953
215.25,0.0031700378289331
215.28,0.0031710871047971
215.3,0.0031712968184459
215.32,0.0031713240712775
215.35,0.0031713325130295
215.38,0.0031713353661169
215.4,0.0031713357003989
215.43,0.0031713357281551
215.45,0.0031713357338995
215.47,0.0031713357351205
216.78,0.0031713357349981
216.8,0.0031713357317214
216.82,0.0031713357172506
216.85,0.0031713356495984
216.88,0.0031713348637715
216.9,0.003171328397298
216.93,0.0031713097838373
216.95,0.003171250941826
216.97,0.0031708053814684
217.0,0.0031698649461571
217.03,0.0031644533685541
217.05,0.0031441010015407
217.07,0.0031190133641197
217.1,0.0030890142647186
217.12,0.0029366270958574
217.15,0.0026318650842009
217.18,0.0027766427490844
217.2,0.0036854618985821
217.22,0.0051090368962578
217.25,0.008477516844772
217.28,0.0162392989480883
217.3,0.0282284707371005
217.32,0.0449651416680218
217.35,0.0646328316735075
217.38,0.0852501203551164
217.4,0.1033064385585107
217.43,0.1144634783530764
217.45,0.1166086951248329
217.47,0.1094266991415033
217.5,0.0945119887946508
217.53,0.0756797716829854
217.55,0.0549980032045529
217.57,0.0369972070539309
217.6,0.0236940593683044
217.62,0.0162515506414963
217.65,0.0149447973333447
217.68,0.019887915915951
217.7,0.0309361992545293
217.72,0.0467719878046669
217.75,0.0646186535663677
217.78,0.0809511081257637
217.8,0.0933588205636075
217.82,0.0986463368068883
217.85,0.0958027485063337
217.88,0.0853787607418486
217.9,0.0700075712063034
217.93,0.0530069966234465
217.95,0.0365551633329531
217.97,0.0230861764827586
218.0,0.0137506257105463
218.03,0.0076408659444326
218.05,0.0048051157031736
218.07,0.0030779171063604
218.1,0.0025755136500667
218.12,0.0028650440251682
218.15,0.0030510057609008
218.18,0.0030821668529925
218.2,0.0031176747385986
218.22,0.0031387258095272
218.25,0.0030966501884445
218.28,0.0030503023153121
218.3,0.0028614266527052
218.32,0.0028074002239825
218.35,0.0030394953942971
218.38,0.0032009428921737
218.4,0.0041308274649409
218.43,0.0084207602592561
218.45,0.0168091485957214
218.47,0.0289043275381629
218.5,0.0468223626459353
218.53,0.0690347655224477
218.55,0.0945871420726937
218.57,0.1217347126195719
218.6,0.1474516775752909
218.62,0.1693695415812179
218.65,0.1868924716798443
218.68,0.1986704088248877
218.7,0.2029252374970935
218.72,0.200080372368879
218.75,0.1905939418646643
218.78,0.1721223687156165
218.8,0.1481184343192191
218.82,0.1200146994089855
218.85,0.0907661687990824
218.88,0.0638897738366714
218.9,0.0414767214834964
218.93,0.0238987815261934
218.95,0.0123978756834694
218.97,0.0069789645238851
219.0,0.0044852356406729
219.03,0.0030383326372234
219.05,0.0029896034118759
219.07,0.0028208333059734
219.1,0.0028879227716684
219.12,0.0030712149104332
219.15,0.0031424585372191
219.18,0.0031561918994165
219.2,0.0031644881322173
219.22,0.0031698207529493
219.25,0.0031707687647033
219.28,0.0031712384886508
219.3,0.0031713219468227
219.32,0.0031713318919692
219.35,0.0031713347392121
219.38,0.0031713356299574
219.4,0.0031713357260056
219.43,0.0031713357334571
219.45,0.0031713357349069
220.2,0.0031713357351065
220.22,0.0031713357334173
220.25,0.0031713357131087
220.28,0.0031713356333676
220.3,0.0031713347605314
220.32,0.0031713319396997
220.35,0.0031713220703451
220.38,0.0031712392120996
220.4,0.003170773667688
220.43,0.0031698373865507
220.45,0.0031677525727494
220.47,0.0031557798000907
220.5,0.0031397033017677
220.53,0.0030710892657409
220.55,0.0029060263321095
220.57,0.0028640453503574
220.6,0.0030660001987608
220.62,0.003269594636924
220.65,0.0041558883333336
220.68,0.007569200520647
220.7,0.0139924558053033
220.72,0.0233338896939613
220.75,0.0363984659884239
220.78,0.0520133360878128
220.8,0.0685454040314267
220.82,0.0823860762114276
220.85,0.0910048025685974
220.88,0.0930484051390889
220.9,0.0879780360498594
220.93,0.0770658745100828
220.95,0.0619852829697518
220.97,0.0454159742193917
221.0,0.0306800037845758
221.03,0.0190801833000673
221.05,0.0112843058017438
221.07,0.0060873144849013
221.1,0.0035280195769846
221.12,0.0030761063931649
221.15,0.0030503023441737
221.18,0.0029419948349165
221.2,0.0029875816912852
221.22,0.0031028816239759
221.25,0.0031331872416138
221.28,0.0031611637106897
221.3,0.0031691054792758
221.32,0.0031704439737053
221.35,0.0031710139860769
221.38,0.003171282960145
221.4,0.0031713276935009
221.43,0.0031713302064024
221.45,0.0031713220030693
221.47,0.0031712394686223
221.5,0.0031710357978866
221.53,0.0031696859211322
221.55,0.0031636376888655
221.57,0.0031541367754411
221.6,0.0031380269598927
221.62,0.0030551965435411
221.65,0.0028396743263995
221.68,0.002753273932507
221.7,0.0029378899274644
221.72,0.0030105214634309
221.75,0.0038130745906714
221.78,0.0080876386094534
221.8,0.0157594576703033
221.82,0.0297493350095304
221.85,0.0496363584704292
221.88,0.0742524233323876
221.9,0.1015520441031246
221.93,0.126150561229947
221.95,0.1437072075589669
221.97,0.1515271385618607
222.0,0.1470036440695566
222.03,0.1328332510968256
222.05,0.1099352489582003
222.07,0.0841271238276816
222.1,0.0586813317963723
222.12,0.0370894312517805
222.15,0.0210886260268924
222.18,0.0104815464960968
222.2,0.0059907374618566
222.22,0.0063117731664419
222.25,0.0111023041935492
222.28,0.0256226609975346
222.3,0.0481719362317011
222.32,0.0803789430309712
222.35,0.1192953666261044
222.38,0.1612229089509981
222.4,0.1994675349930042
222.43,0.2250549883931188
222.45,0.2332183062347898
222.47,0.2227455263633231
222.5,0.1956889364373548
222.53,0.1596151368718873
222.55,0.1184554401308059
222.57,0.0804148777494237
222.6,0.0491718292823495
222.62,0.027926379430907
222.65,0.014928864718697
222.68,0.0064896156415373
222.7,0.0027307868004086
222.72,0.0023689094169514
222.75,0.0021766845468127
222.78,0.0027508051973191
222.8,0.0030274362269182
222.82,0.0030818072272839
222.85,0.0031253884747693
222.88,0.0031600233242189
222.9,0.0031690387190004
222.93,0.0031704754347967
222.95,0.003171042303126
222.97,0.0031712906874225
223.0,0.0031713298615222
223.03,0.0031713342525188
223.05,0.0031713355871659
223.07,0.003171335703607
223.1,0.0031713357288989
223.12,0.0031713357347726
223.15,0.0031713357350755
223.18,0.003171335734442
223.2,0.0031713357311486
223.22,0.0031713356892313
223.25,0.0031713353046361
223.28,0.0031713340827211
223.3,0.0031713234487109
223.32,0.0031712957546936
223.35,0.0031712166508134
223.38,0.003170669134468
223.4,0.0031682617554735
223.43,0.0031645865698607
223.45,0.0031585642609356
223.47,0.0031276577652842
223.5,0.0031030227841353
223.53,0.0030081058392195
223.55,0.0028615857548748
223.57,0.0030869188657202
223.6,0.0038889656915577
223.62,0.005179870925683
223.65,0.007756242778437
223.68,0.012647109317109
223.7,0.0196801547752286
223.72,0.028429797863443
223.75,0.0381589858915055
223.78,0.0468326304683668
223.8,0.0534340156739453
223.82,0.0562646627941556
223.85,0.0547303748069282
223.88,0.0491353958030923
223.9,0.0408640822819147
223.93,0.031634790903096
223.95,0.0226014380388865
223.97,0.0150890303128587
224.0,0.0097452902271028
224.03,0.0061528430493443
224.05,0.0043721947362717
224.07,0.003262325732868
224.1,0.0028889986008653
224.12,0.0030121002491281
224.15,0.00310462755545
224.18,0.003116125407907
224.2,0.0031376740206523
224.22,0.0031611400762882
224.25,0.0031664863080241
224.28,0.0031702325336699
224.3,0.0031711283462822
224.32,0.0031712628686076
224.35,0.0031713122606904
224.38,0.0031713324050208
224.4,0.003171335342416
224.43,0.0031713356400233
224.45,0.0031713357136257
224.47,0.003171335733337
224.5,0.0031713357351054
227.53,0.0031713357351557
227.55,0.0031713357342927
227.57,0.0031713357305748
227.6,0.003171335713773
227.62,0.0031713355242388
227.65,0.0031713339998285
227.68,0.0031713296609846
227.7,0.003171315992242
227.72,0.0031712116085392
227.75,0.0031706864758634
227.78,0.0031697421370587
227.8,0.0031648567026081
227.82,0.0031582257065264
227.85,0.0031490250060469
227.88,0.0031009292323261
227.9,0.0029911255622994
227.93,0.0029936501973082
227.95,0.0031999409468886
227.97,0.0034619131948243
228.0,0.0046333286630569
228.03,0.0066367887694436
228.05,0.0103878238212857
228.07,0.0167876094441195
228.1,0.0254251324334801
228.12,0.0356445956823577
228.15,0.0463214937456297
228.18,0.0552548783192296
228.2,0.0608822235742145
228.22,0.0624009236237609
228.25,0.0595090685776054
228.28,0.0519787646488929
228.3,0.0421223068287893
228.32,0.0317836603630499
228.35,0.0221530939714245
228.38,0.0144944032924742
228.4,0.0091539566905649
228.43,0.0054965965921001
228.45,0.0035948700171633
228.47,0.003149606396183
228.5,0.0030781866446794
228.53,0.0030145123908452
228.55,0.0031054352991982
228.57,0.0031177936646437
228.6,0.0031389063694852
228.62,0.0031619840832528
228.65,0.0031691143230892
228.68,0.0031703724511388
228.7,0.0031709624574724
228.72,0.0031712671575693
228.75,0.0031713132583959
228.78,0.0031713324582859
228.8,0.0031713353365544
228.82,0.0031713356358703
228.85,0.0031713357120046
228.88,0.0031713357331002
228.9,0.0031713357350427
229.07,0.0031713357349831
229.1,0.0031713357340139
229.12,0.003171335721181
229.15,0.0031713356005356
229.18,0.0031713352070132
229.2,0.0031713337982605
229.22,0.0031713215367326
229.25,0.0031712488056051
229.28,0.0031710928895156
229.3,0.0031701607603335
229.32,0.0031685732845327
229.35,0.0031656217900164
229.38,0.0031497372898192
229.4,0.0031042955211107
229.43,0.0030753237698105
229.45,0.0030855426240592
229.47,0.0030145798533646
229.5,0.0032750368182278
229.53,0.0037212740202988
229.55,0.0049516573733007
229.57,0.0081989864270773
229.6,0.0136403806198107
229.62,0.0210879949282209
229.65,0.0306811163536773
229.68,0.041272958409384
229.7,0.0512629032412121
229.72,0.0593633506209224
229.75,0.0638906157449096
229.78,0.0630556170063609
229.8,0.05789799802704
229.82,0.0495444328640479
229.85,0.0391550817098946
229.88,0.0284408384326145
229.9,0.0192114705771391
229.93,0.0119824474350617
229.95,0.0071595175710995
229.97,0.0047412359089478
230.0,0.0037542581030819
230.03,0.0032980748457998
230.05,0.0038165832532294
230.07,0.0054641797200545
230.1,0.0085520244869285
230.12,0.0129411235578293
230.15,0.0188026569610239
230.18,0.0256567762365718
230.2,0.0325497210481959
230.22,0.0386426721495841
230.25,0.042732657050785
230.28,0.0434316736435572
230.3,0.0411438844332589
230.32,0.0363881802106035
230.35,0.0298472647649793
230.38,0.0225246714358942
230.4,0.0158728581878948
230.43,0.0110723120438303
230.45,0.0087422013167226
230.47,0.0089618223243648
230.5,0.0122506510701478
230.53,0.0178990905820968
230.55,0.0263578876247234
230.57,0.036379421970874
230.6,0.0466017973178363
230.62,0.055720774111914
230.65,0.0618504246983218
230.68,0.0635310358053419
230.7,0.0604369897791302
230.72,0.0532202334927893
230.75,0.0436906768043337
230.78,0.03289252333931
230.8,0.0230475210573674
230.82,0.0149819852049443
230.85,0.0092235797088059
230.88,0.0060204282802478
230.9,0.0043108039978663
230.93,0.0032252506423916
230.95,0.0028638005679312
230.97,0.0029915481351833
231.0,0.0030899087372662
231.03,0.0031137029282044
231.05,0.0031532488266524
231.07,0.0031608765155258
231.1,0.0031662094279546
231.12,0.0031701264401006
231.15,0.0031710990612778
231.18,0.0031712493190764
231.2,0.0031713069191651
231.22,0.0031713313809734
231.25,0.0031713344939993
231.28,0.0031713355828232
231.3,0.0031713357026451
231.32,0.0031713356612714
231.35,0.00317133546431
231.38,0.0031713336455211
231.4,0.0031713222180581
231.43,0.0031712962327868
231.45,0.0031712300307703
231.47,0.0031708066974047
231.5,0.0031701030625378
231.53,0.0031666466433423
231.55,0.0031560671814067
231.57,0.0031473172076121
231.6,0.0031441140267872
231.62,0.0031098657853476
231.65,0.0030646341926691
231.68,0.0032196072124332
231.7,0.0036701543801859
231.72,0.0043749638097081
231.75,0.0056826599752847
231.78,0.0080114006264126
231.8,0.0112443689600933
231.82,0.015231886712552
231.85,0.0194573869194162
231.88,0.0234423341251892
231.9,0.0264586971585569
231.93,0.0277866178752572
231.95,0.0271651752129664
231.97,0.0247328052206197
232.0,0.021041114737657
232.03,0.0169228474387755
232.05,0.012795443905976
232.07,0.0092542791678473
232.1,0.0065736614257182
232.12,0.0049345359256994
232.15,0.0039872974109743
232.18,0.0033674182567387
232.2,0.0031089491736869
232.22,0.0031040325894452
232.25,0.0030954741024204
232.28,0.0031404418912258
232.3,0.0031609892057163
232.32,0.0031648600590779
232.35,0.0031679752605279
232.38,0.0031704943258231
232.4,0.0031711598799008
232.43,0.0031712668332976
232.45,0.0031713092055806
232.47,0.0031713148818081
232.5,0.0031712819738711
232.53,0.0031710358781807
232.55,0.0031698826216268
232.57,0.0031679545958711
232.6,0.0031643768185177
232.62,0.0031450489998047
232.65,0.003088557386359
232.68,0.0030499529145219
232.7,0.0030549130443992
232.72,0.0029395757392501
232.75,0.0028519195096623
232.78,0.0037877315367157
232.8,0.0055676274325387
232.82,0.0099966688647095
232.85,0.0174250516880087
232.88,0.027623453265628
232.9,0.0411560522018489
232.93,0.0568534692094485
232.95,0.0724756125713978
232.97,0.0861029547800389
233.0,0.094457810070979
233.03,0.0971534459664458
233.05,0.0925411986514924
233.07,0.0820773299730685
233.1,0.0672655638562934
233.12,0.0506444531437491
233.15,0.0353183801805626
233.18,0.0225643116146181
233.2,0.0132243172826451
233.22,0.0077098477823838
233.25,0.0044251210848634
233.28,0.0034824903552066
233.3,0.0031871993061119
233.32,0.0029277657041207
233.35,0.0029308418023391
233.38,0.0030779783104691
233.4,0.0031413254595814
233.43,0.003153379736791
233.45,0.0031622821259394
233.47,0.0031691029515988
233.5,0.003170862413221
233.53,0.0031711638504714
233.55,0.0031713076698302
233.57,0.0031713268352952
233.6,0.0031713329670232
233.62,0.0031713339685307
233.65,0.0031713254835972
233.68,0.0031713035641011
233.7,0.0031712422058754
233.72,0.0031708181968657
233.75,0.0031689396957643
233.78,0.0031660240471486
233.8,0.0031522652832554
233.82,0.00313685046746
233.85,0.0031213298318983
233.88,0.003029561578889
233.9,0.0028485786303719
233.93,0.0029714206672517
233.95,0.0035947794382111
233.97,0.0045127595827731
234.0,0.0071825080501415
234.03,0.0114984843979872
234.05,0.0187460934956915
234.07,0.0298102806537938
234.1,0.0437087957868446
234.12,0.0592212636428971
234.15,0.0743260218067488
234.18,0.0858211150245541
234.2,0.0916897940075432
234.22,0.091158114989799
234.25,0.0844860720035635
234.28,0.0717776334010993
234.3,0.0566027255275969
234.32,0.04148144907091
234.35,0.028005640369934
234.38,0.0177707507818762
234.4,0.0108071972676581
234.43,0.0060554769202052
234.45,0.0036409962609445
234.47,0.0031261878500278
234.5,0.0030539047382513
234.53,0.0029728402962481
234.55,0.0030888931887124
234.57,0.0031030346940339
234.6,0.0031293645728741
234.62,0.0031590597277356
234.65,0.0031683604232854
234.68,0.0031700081257082
234.7,0.0031708065234507
234.72,0.0031712344267384
234.75,0.0031713013292871
234.78,0.0031713304593518
234.8,0.003171328162795
234.82,0.0031713284062284
234.85,0.0031713311896521
234.88,0.0031713365130659
234.9,0.0031713443764699
